{"cameraMode":{"drawMode":0,"name":"Shaded","section":"Shading Mode"},"sceneLighting":false,"audioPlay":false,"sceneViewState":{"showFog":false,"showMaterialUpdate":false,"showSkybox":false,"showFlares":false,"showImageEffects":false,"showParticleSystems":false},"in2DMode":false,"pivot":{"x":-0.02887582778930664,"y":-0.9702126979827881,"z":-0.3059542179107666},"rotation":{"x":-0.1611650437116623,"y":0.6703931093215942,"z":-0.15259699523448945,"w":-0.7080346345901489},"size":3.8479437828063967,"orthographic":false}