{"cameraMode":{"drawMode":0,"name":"Shaded","section":"Shading Mode"},"sceneLighting":true,"audioPlay":false,"sceneViewState":{"showFog":false,"showMaterialUpdate":false,"showSkybox":false,"showFlares":false,"showImageEffects":false,"showParticleSystems":false},"in2DMode":false,"pivot":{"x":6.420181751251221,"y":2.1399950981140138,"z":-9.671655654907227},"rotation":{"x":-0.1611650437116623,"y":0.6703931093215942,"z":-0.15259699523448945,"w":-0.7080346345901489},"size":52.68357849121094,"orthographic":false}